GoodCustomer,Gender,Single,Age,Duration,LoanPurpose,LoanAmount,LoanRateAtPercentOfIncome,HasCheckingAccount,HasSavingsAccount,NumberOfExistingLoans,NumberOfLiableIndividuals,HasOtherDebtor,LengthOfEmployment,JobType,Unemployed,RentsOwnsHome,YearsInCurrentHome,HasTelephone
1,1,1,67,6,3,1169,4,1,0,2,1,0,4,2,0,1,4,1
-1,2,0,22,48,3,5951,2,1,1,1,1,0,2,2,0,1,2,0
1,1,1,49,12,6,2096,2,0,1,1,2,0,3,1,0,1,3,0
1,1,1,45,42,2,7882,2,1,1,1,2,2,3,2,0,2,4,0
-1,1,1,53,24,0,4870,3,1,1,2,2,0,2,2,0,2,4,0
1,1,1,35,36,6,9055,2,0,0,1,2,0,2,1,0,2,4,1
1,1,1,53,24,2,2835,3,0,1,1,1,0,4,2,0,1,4,0
1,1,1,35,36,1,6948,2,1,1,1,1,0,2,3,0,0,2,1
1,1,0,61,12,3,3059,2,0,1,1,1,0,3,1,0,1,4,0
-1,1,0,28,30,0,5234,4,1,1,2,1,0,0,3,1,1,2,0
-1,2,0,25,12,0,1295,3,1,1,1,1,0,1,2,0,0,1,0
-1,2,0,24,48,9,4308,3,1,1,1,1,0,1,2,0,0,4,0
1,2,0,22,12,3,1567,1,1,1,1,1,0,2,2,0,1,1,1
-1,1,1,60,24,0,1199,4,1,1,2,1,0,4,1,0,1,4,0
1,2,0,28,15,0,1403,2,1,1,1,1,0,2,2,0,0,4,0
-1,2,0,32,24,3,1282,4,1,1,1,1,0,2,1,0,1,2,0
1,1,1,53,24,3,2424,4,0,0,2,1,0,4,2,0,1,4,0
1,1,1,25,30,9,8072,2,1,0,3,1,0,1,2,0,1,3,0
-1,2,0,44,24,1,12579,4,1,1,1,1,0,4,3,0,2,2,1
1,1,1,31,24,3,3430,3,0,1,1,2,0,4,2,0,1,2,1
1,1,1,48,9,0,2134,4,0,1,3,1,0,2,2,0,1,4,1
1,1,1,44,6,3,2647,2,1,1,1,2,0,2,2,0,0,3,0
1,1,1,48,10,0,2241,1,1,1,2,2,0,1,1,0,0,3,0
1,1,1,44,12,1,1804,3,1,1,1,1,0,1,2,0,1,4,0
1,1,0,26,10,2,2069,2,0,0,2,1,0,2,2,0,1,1,0
1,1,1,36,6,2,1374,1,1,1,1,1,0,2,1,0,1,2,1
1,1,0,39,6,3,426,4,0,1,1,1,0,4,1,0,1,4,0
1,2,0,42,12,3,409,3,1,1,2,1,0,2,2,0,0,3,0
1,1,1,34,7,3,2415,3,1,1,1,1,2,2,2,0,1,2,0
-1,1,1,63,60,9,6836,3,1,1,2,1,0,4,2,0,1,4,1
1,1,0,36,18,9,1913,3,1,1,1,1,0,1,2,0,1,3,1
1,1,1,27,24,2,4020,2,1,1,1,1,0,2,2,0,1,2,0
1,1,1,30,18,0,5866,2,1,1,2,1,0,2,2,0,1,2,1
1,1,1,57,12,9,1264,4,0,0,1,1,0,4,1,0,0,4,0
1,2,0,33,12,2,1474,4,1,1,1,1,0,1,3,0,1,1,1
-1,1,1,25,45,3,4746,4,1,1,2,1,0,1,1,0,1,2,0
1,1,1,31,48,6,6110,1,0,1,1,1,0,2,2,0,2,3,1
-1,1,1,37,18,3,2100,4,1,1,1,1,1,2,2,0,1,2,0
1,1,1,37,10,4,1225,2,1,1,1,1,0,2,2,0,1,2,1
1,1,1,24,9,3,458,4,1,1,1,1,0,2,2,0,1,3,0
1,1,1,30,30,3,2333,4,0,1,1,1,0,4,3,0,1,2,0
1,1,0,26,12,3,1158,3,1,1,1,1,0,2,2,0,1,1,1
1,1,1,44,18,5,6204,2,1,1,1,2,0,2,1,0,1,4,1
1,1,0,24,30,1,6187,1,1,1,2,1,0,3,2,0,0,4,0
-1,2,0,58,48,1,6143,4,1,1,2,1,0,4,1,0,2,4,0
1,2,0,35,11,0,1393,4,0,1,2,1,0,1,3,0,1,4,0
1,1,1,39,36,3,2299,4,0,1,1,1,0,4,2,0,1,4,0
1,2,0,23,6,1,1352,1,1,1,1,1,0,0,0,1,0,2,1
1,1,1,39,11,0,7228,1,0,1,2,1,0,2,1,0,1,4,0
1,2,0,28,12,3,2073,4,0,1,1,1,1,2,2,0,1,2,0
1,1,1,29,24,2,2333,4,1,0,1,1,0,1,1,0,1,2,0
1,1,1,30,27,1,5965,1,1,1,2,1,0,4,3,0,1,2,1
1,1,1,25,12,3,1262,3,0,1,1,1,0,2,2,0,1,2,0
1,1,1,31,18,1,3378,2,0,0,1,1,0,2,2,0,1,1,1
-1,1,1,57,36,0,2225,4,1,1,2,1,0,4,2,0,2,4,1
1,1,1,26,6,0,783,1,0,0,1,2,2,2,1,0,1,2,0
-1,1,1,52,12,3,6468,2,1,0,1,1,0,0,3,1,1,1,1
1,2,0,31,36,3,9566,2,0,1,2,1,0,2,2,0,1,2,0
1,2,0,23,18,0,1961,3,1,1,1,1,0,4,3,0,1,2,0
-1,2,0,23,36,2,6229,4,1,1,2,1,1,1,1,0,0,4,1
1,1,0,27,9,9,1391,2,1,1,1,1,0,2,2,0,1,1,1
1,1,1,50,15,3,1537,4,1,0,2,1,2,4,2,0,1,4,1
-1,1,1,61,36,9,1953,4,1,1,1,1,0,4,3,0,2,4,1
-1,1,1,25,48,9,14421,2,1,1,1,1,0,2,2,0,1,2,1
1,2,0,26,24,3,3181,4,0,1,1,1,0,1,2,0,1,4,1
1,1,1,48,27,5,5190,4,0,0,4,2,0,4,2,0,1,4,1
1,2,0,29,12,3,2171,2,0,1,1,1,0,1,2,0,1,2,0
1,1,0,22,12,0,1007,4,1,1,1,1,0,2,2,0,1,1,0
-1,1,1,37,36,6,1819,4,0,1,1,1,0,2,2,0,2,4,1
1,2,0,25,36,3,2394,4,0,0,1,1,0,2,2,0,1,4,0
1,2,0,30,36,1,8133,1,0,1,1,1,0,2,2,0,1,2,0
1,1,1,46,7,3,730,4,0,0,2,1,0,4,1,0,0,2,1
1,1,1,51,8,10,1164,3,1,1,2,2,0,4,3,0,2,4,1
1,2,0,41,42,9,5954,2,1,1,2,1,0,3,1,0,1,1,0
-1,1,1,40,36,6,1977,4,1,0,1,1,0,4,3,0,1,4,1
1,1,1,66,12,1,1526,4,1,1,2,1,0,4,3,0,2,4,0
-1,1,1,34,42,3,3965,4,1,1,1,1,0,1,2,0,1,3,0
1,1,1,51,11,3,4771,2,1,1,1,1,0,3,2,0,1,4,0
1,1,1,39,54,1,9436,2,0,0,1,2,0,2,1,0,1,2,0
1,1,0,22,30,2,3832,2,1,1,1,1,0,1,2,0,1,1,0
-1,2,0,44,24,3,5943,1,0,0,2,1,0,1,2,0,1,1,1
1,1,1,47,15,3,1213,4,0,1,1,1,0,4,2,0,1,3,1
1,2,0,24,18,9,1568,3,0,1,1,1,0,2,1,0,0,4,0
1,2,0,58,24,10,1755,4,1,1,1,1,2,4,1,0,1,4,1
1,1,1,52,10,3,2315,3,1,1,1,1,0,4,1,0,1,4,0
1,2,0,29,12,9,1412,4,0,1,2,1,2,2,3,0,1,2,1
1,2,0,27,18,2,1295,4,1,1,2,1,0,1,2,0,1,1,0
-1,1,1,47,36,6,12612,1,1,1,1,2,0,2,2,0,2,4,1
1,1,1,30,18,0,2249,4,1,1,1,2,0,3,3,0,1,3,1
-1,1,1,28,12,5,1108,4,1,1,2,1,0,3,2,0,1,3,0
1,1,1,56,12,3,618,4,0,1,1,1,0,4,2,0,1,4,0
1,1,1,54,12,1,1409,4,1,1,1,1,0,4,2,0,1,3,0
-1,2,0,33,12,3,797,4,0,0,1,2,0,4,1,0,1,3,0
1,1,1,20,24,2,3617,4,1,0,2,1,1,4,2,0,0,4,0
1,1,1,54,12,0,1318,4,1,1,1,1,0,4,2,0,1,4,1
-1,1,1,58,54,9,15945,3,1,1,1,1,0,1,2,0,0,4,1
1,2,0,61,12,6,2012,4,0,0,1,1,0,3,2,0,1,2,0
1,1,1,34,18,9,2622,4,1,1,1,1,0,2,2,0,1,4,0
1,1,1,36,36,3,2337,4,1,1,1,1,0,4,2,0,1,4,0
1,1,1,36,20,1,7057,3,1,0,2,2,0,3,3,0,0,4,1
1,1,0,41,24,0,1469,4,0,1,1,1,0,4,1,0,0,4,0
1,1,1,24,36,3,2323,4,1,1,1,1,0,3,2,0,0,4,0
1,2,0,24,6,3,932,3,0,1,1,1,0,2,2,0,1,2,0
1,1,1,35,9,2,1919,4,1,1,1,1,0,3,2,0,0,3,1
1,1,0,26,12,1,2445,2,0,0,1,1,0,1,2,0,0,4,1
-1,1,1,39,24,10,11938,2,1,1,2,2,1,2,3,0,1,3,1
-1,1,1,39,18,0,6458,2,0,1,2,2,0,4,3,0,1,4,1
1,1,1,32,12,0,6078,2,1,1,1,1,0,3,2,0,1,2,0
1,2,0,30,24,2,7721,1,1,0,1,1,0,1,2,0,1,2,1
1,1,0,35,14,9,1410,1,1,1,1,1,0,4,2,0,1,2,1
1,1,0,31,6,9,1449,1,1,1,2,2,0,4,2,0,1,2,0
1,2,0,23,15,6,392,4,1,1,1,1,0,1,2,0,0,4,1
1,1,1,28,18,0,6260,3,1,1,1,1,0,3,1,0,0,3,0
-1,2,0,25,36,0,7855,4,0,1,2,1,0,2,2,0,1,2,1
1,1,0,35,12,3,1680,3,1,1,1,1,0,4,2,0,1,1,0
1,1,1,47,48,3,3578,4,0,0,1,1,0,4,2,0,1,1,1
-1,2,0,30,42,3,7174,4,1,0,1,1,0,3,3,0,1,3,1
1,2,0,27,10,2,2132,2,1,0,2,1,1,1,2,0,0,3,0
-1,2,0,23,33,2,4281,1,1,1,2,1,0,2,2,0,1,4,0
1,1,0,36,12,0,2366,3,1,1,1,1,0,3,3,0,1,3,1
-1,2,0,25,21,3,1835,3,1,1,2,1,0,2,2,0,1,2,1
1,2,0,41,24,1,3868,4,0,1,2,1,0,4,3,0,0,2,1
1,1,1,24,12,2,1768,3,0,1,1,1,0,2,1,0,0,2,0
1,1,1,63,10,0,781,4,1,1,2,1,0,4,2,0,2,4,1
-1,2,0,27,18,2,1924,4,1,0,1,1,0,1,2,0,0,3,0
1,1,1,30,12,0,2121,4,1,1,2,1,0,2,2,0,1,2,0
1,1,0,40,12,3,701,4,1,1,1,1,0,2,1,0,1,2,0
-1,1,1,30,12,5,639,4,1,1,1,1,0,2,2,0,1,2,0
1,1,1,34,12,1,1860,4,1,1,2,1,0,0,3,1,1,2,1
-1,2,0,29,12,0,3499,3,1,1,2,1,1,2,2,0,1,2,0
1,2,0,24,48,0,8487,1,1,0,1,1,0,3,2,0,1,2,0
-1,1,1,29,36,6,6887,4,1,1,1,1,0,2,2,0,1,3,1
1,1,1,27,15,2,2708,2,0,1,2,1,0,1,1,0,1,3,0
1,1,1,47,18,2,1984,4,0,1,2,1,0,2,2,0,2,4,0
1,2,0,21,60,3,10144,2,0,1,1,1,0,3,2,0,1,4,1
1,2,0,38,12,3,1240,4,0,0,2,1,0,4,2,0,1,2,1
1,1,1,27,27,1,8613,2,0,1,2,1,0,2,2,0,1,2,0
-1,1,1,66,12,3,766,4,1,1,1,1,0,2,1,0,1,3,0
1,1,1,35,15,3,2728,4,1,0,3,1,2,3,2,0,1,2,1
1,2,0,44,12,3,1881,2,1,1,1,1,0,2,1,0,0,2,1
1,1,0,27,6,0,709,2,1,1,1,1,0,1,0,0,1,2,0
1,2,0,30,36,3,4795,4,1,1,1,1,0,1,3,0,1,1,1
1,1,1,27,27,3,3416,3,1,1,1,1,0,2,3,0,1,2,0
-1,1,1,22,18,2,2462,2,1,1,1,1,0,2,2,0,1,2,0
1,2,0,23,21,2,2288,4,0,1,1,1,0,1,2,0,1,4,1
1,1,1,30,48,9,3566,4,1,1,1,1,0,3,2,0,1,2,0
1,2,0,39,6,0,860,1,1,1,2,1,0,4,2,0,1,4,1
1,2,0,51,12,0,682,4,0,1,2,1,0,3,2,0,1,3,1
1,1,1,28,36,2,5371,3,1,1,2,1,2,2,2,0,1,2,0
1,1,1,46,18,3,1582,4,0,1,2,1,0,4,2,0,1,4,0
1,1,1,42,6,3,1346,2,0,1,1,2,0,4,2,0,2,4,1
1,1,1,38,10,3,1924,1,0,1,1,1,0,2,2,0,1,4,1
1,1,1,24,36,3,5848,4,1,1,1,1,0,2,2,0,1,1,0
1,2,0,29,24,1,7758,2,1,1,1,1,0,4,2,0,0,4,0
1,1,1,36,24,9,6967,4,1,1,1,1,0,3,3,0,0,4,1
-1,2,0,20,12,2,1282,2,1,1,1,1,0,2,2,0,0,4,0
1,1,1,48,9,5,1288,3,1,1,2,2,2,4,2,0,1,4,0
1,1,0,45,12,8,339,4,1,1,1,1,0,4,1,0,1,1,0
1,1,1,38,24,0,3512,2,1,1,2,1,0,3,2,0,1,3,1
1,1,1,34,6,3,1898,1,0,0,2,2,0,2,1,0,1,2,0
1,1,1,36,24,3,2872,3,0,1,1,2,0,4,2,0,1,4,1
1,2,0,30,18,0,1055,4,0,1,2,1,0,1,2,0,1,1,0
1,1,1,36,15,4,1262,4,0,1,2,1,0,3,2,0,1,3,1
1,1,1,70,10,0,7308,2,1,1,1,1,0,0,3,1,2,4,1
1,1,1,36,36,0,909,4,0,1,1,1,0,4,2,0,1,4,0
1,1,1,32,6,2,2978,1,0,1,1,1,0,2,2,0,1,2,1
-1,2,0,33,18,2,1131,4,1,1,1,1,0,0,2,1,1,2,0
1,2,0,20,11,2,1577,4,1,1,1,1,0,1,2,0,1,1,0
1,2,0,25,24,2,3972,2,0,1,1,1,0,3,2,0,0,4,1
-1,1,0,31,24,9,1935,4,1,1,2,1,0,4,2,0,1,4,1
-1,1,1,33,15,0,950,4,1,1,2,2,0,4,2,0,0,3,0
1,2,0,26,12,2,763,4,0,1,1,1,0,2,2,0,1,1,1
-1,2,0,34,24,2,2064,3,1,1,1,1,0,0,3,1,1,2,1
1,1,1,33,8,3,1414,4,1,1,1,1,2,2,2,0,1,2,0
-1,1,1,26,21,6,3414,2,1,1,2,1,0,1,2,0,1,1,0
-1,2,0,53,30,1,7485,4,0,0,1,1,0,0,3,1,1,1,1
1,1,0,42,12,2,2577,2,1,1,1,1,0,2,2,0,1,1,0
1,1,1,52,6,3,338,4,1,1,2,1,0,4,2,0,1,4,0
1,1,1,31,12,3,1963,4,0,1,2,2,0,3,3,0,0,2,1
1,1,1,65,21,0,571,4,1,1,2,1,0,4,2,0,1,4,0
-1,1,0,28,36,9,9572,1,0,1,2,1,0,1,2,0,1,1,0
-1,1,0,30,36,9,4455,2,1,1,2,1,0,2,3,0,1,2,1
-1,1,1,40,21,0,1647,4,1,0,2,2,0,2,1,0,1,2,0
1,1,1,50,24,2,3777,4,0,1,1,1,0,2,2,0,1,4,1
-1,1,1,36,18,0,884,4,1,1,1,2,0,4,2,0,1,4,1
1,1,1,31,15,3,1360,4,0,1,2,1,0,2,2,0,1,2,0
-1,2,0,74,9,1,5129,2,1,1,1,2,0,4,3,0,2,4,1
1,1,1,68,16,0,1175,2,1,1,3,1,0,0,0,1,2,3,1
-1,1,0,20,12,3,674,4,1,1,1,1,0,3,2,0,1,1,0
1,2,0,33,18,2,3244,1,1,1,2,1,0,2,2,0,1,4,1
-1,1,1,54,24,9,4591,2,0,1,3,1,0,2,3,0,1,3,1
-1,1,1,34,48,9,3844,4,1,1,1,2,0,3,1,0,2,4,0
-1,1,1,36,27,9,3915,4,1,1,1,2,0,2,2,0,1,2,1
1,1,0,29,6,3,2108,2,0,1,1,1,0,3,2,0,0,2,0
-1,1,1,21,45,3,3031,4,1,1,1,1,2,2,2,0,0,4,0
-1,2,0,34,9,6,1501,2,1,1,2,1,0,4,3,0,1,3,1
1,2,0,28,6,3,1382,1,0,1,2,1,0,2,2,0,1,1,1
-1,2,0,27,12,2,951,4,1,1,4,1,0,1,2,0,0,4,0
1,1,1,36,24,1,2760,4,1,0,1,1,0,4,2,0,2,4,1
-1,1,0,40,18,2,4297,4,1,1,1,1,0,4,3,0,1,3,1
1,1,1,52,9,6,936,4,0,1,2,1,0,4,2,0,1,2,1
1,1,0,27,12,0,1168,4,1,1,1,1,0,2,1,0,1,3,0
1,1,1,26,27,9,5117,3,0,1,2,1,0,3,2,0,1,4,0
-1,1,0,21,12,8,902,4,1,1,1,1,0,3,2,0,0,4,0
1,1,1,38,12,0,1495,4,0,1,2,2,0,4,1,0,1,1,0
1,1,1,38,30,1,10623,3,1,1,3,2,0,4,3,0,2,4,1
1,1,1,43,12,2,1935,4,0,1,3,1,0,4,2,0,1,4,1
1,1,1,26,12,4,1424,4,1,1,1,1,0,3,2,0,1,3,0
1,1,0,21,24,9,6568,2,1,1,1,1,0,2,1,0,1,2,0
1,1,1,55,12,1,1413,3,0,1,1,1,0,3,2,0,1,2,0
1,1,1,33,9,3,3074,1,0,0,2,2,0,2,2,0,1,2,0
1,2,0,45,36,3,3835,2,0,0,1,1,0,4,1,0,1,4,1
-1,1,1,50,27,9,5293,2,1,1,2,1,0,0,2,1,1,4,1
-1,1,1,66,30,9,1908,4,1,1,1,1,0,4,3,0,1,4,1
1,1,1,51,36,3,3342,4,0,0,1,1,0,4,2,0,1,2,1
1,2,0,39,6,8,932,1,1,0,2,1,0,3,1,0,1,3,0
1,1,1,31,18,9,3104,3,1,1,1,1,0,3,2,0,1,1,1
1,1,1,23,36,3,3913,2,1,1,1,1,0,2,2,0,1,2,1
1,1,0,24,24,2,3021,2,1,1,1,1,0,2,1,0,0,2,0
1,2,0,64,10,0,1364,2,0,1,1,1,0,2,2,0,1,4,1
1,1,0,26,12,3,625,4,1,1,1,1,2,1,1,0,1,1,0
1,2,0,23,12,6,1200,4,1,0,1,1,0,2,2,0,0,4,1
1,1,1,30,12,3,707,4,0,1,2,1,0,2,2,0,1,2,0
1,1,1,32,24,9,2978,4,0,0,2,2,0,2,2,0,1,4,1
1,1,1,30,15,1,4657,3,0,1,1,1,0,2,2,0,1,2,1
1,1,1,27,36,5,2613,4,0,1,2,1,0,2,2,0,1,2,0
-1,1,1,27,48,3,10961,1,1,1,2,1,1,3,2,0,1,2,1
-1,1,1,53,12,2,7865,4,1,1,1,1,0,4,3,0,2,4,1
-1,1,1,22,9,3,1478,4,0,1,1,1,0,3,2,0,1,2,0
1,1,1,22,24,2,3149,4,1,1,1,1,0,1,2,0,2,1,0
-1,1,1,26,36,3,4210,4,1,1,1,1,0,2,2,0,1,2,0
1,1,1,51,9,0,2507,2,0,1,1,1,0,4,1,0,2,4,0
1,1,1,35,12,3,2141,3,0,1,1,1,0,3,2,0,1,1,0
1,1,0,25,18,3,866,4,1,1,1,1,2,2,1,0,1,2,0
1,1,1,42,4,3,1544,2,0,1,3,2,0,3,1,0,1,1,0
-1,1,1,30,24,3,1823,4,1,1,1,2,0,0,3,1,1,2,0
-1,1,1,23,6,0,14555,1,1,0,1,1,0,0,0,1,1,2,1
-1,1,0,61,21,9,2767,4,1,1,2,1,0,4,1,0,0,2,0
1,2,0,35,12,3,1291,4,0,1,2,1,0,2,2,0,1,2,0
1,1,1,39,30,3,2522,1,1,1,1,2,2,4,2,0,1,3,0
-1,2,0,29,24,0,915,4,1,0,1,1,0,4,2,0,1,2,0
1,1,1,51,6,3,1595,3,0,1,1,2,0,3,2,0,1,2,0
-1,1,1,24,48,1,4605,3,1,1,2,2,0,4,2,0,2,4,0
1,2,0,27,12,9,1185,3,0,1,2,1,0,2,2,0,1,2,0
1,2,0,35,12,8,3447,4,0,1,1,2,0,2,1,0,1,3,0
1,1,1,25,24,9,1258,4,0,1,1,1,0,3,2,0,1,1,1
1,1,1,52,12,3,717,4,0,1,3,1,0,4,2,0,1,4,0
1,1,1,35,6,0,1204,4,0,1,1,1,0,2,2,0,0,1,0
1,1,1,26,24,2,1925,2,1,1,1,1,0,2,2,0,1,2,0
-1,2,0,22,18,3,433,3,0,1,1,1,1,0,2,1,0,4,0
1,2,0,39,6,0,666,3,1,1,2,1,0,3,1,0,1,4,1
1,2,0,46,12,2,2251,1,1,1,1,1,0,2,1,0,1,2,0
-1,2,0,24,30,0,2150,4,1,1,1,1,2,2,2,0,1,2,0
1,1,1,35,24,2,4151,2,0,1,2,1,0,2,2,0,1,3,0
1,1,1,24,9,2,2030,2,1,0,1,1,0,3,2,0,1,1,1
1,1,1,27,60,3,7418,1,1,0,1,1,0,2,1,0,1,1,0
1,1,1,35,24,3,2684,4,0,1,2,1,0,2,1,0,1,2,0
-1,1,0,29,12,3,2149,4,1,1,1,1,0,2,2,0,2,1,0
1,2,0,23,15,1,3812,1,0,1,1,1,0,1,2,0,1,4,1
1,2,0,57,11,3,1154,4,0,1,3,1,0,0,1,1,1,4,0
1,1,1,27,12,2,1657,2,1,1,1,1,0,2,2,0,1,2,0
1,2,0,55,24,3,1603,4,1,1,1,1,0,4,2,0,1,4,0
1,1,1,36,18,0,5302,2,1,1,3,1,0,4,3,0,2,4,1
1,2,0,57,12,6,2748,2,0,1,3,1,0,4,1,0,2,4,0
1,1,1,32,10,0,1231,3,0,1,2,2,0,4,1,0,1,4,0
-1,1,1,37,15,3,802,4,1,1,1,2,0,4,2,0,1,3,0
1,1,1,36,36,9,6304,4,0,0,2,1,0,4,2,0,1,4,0
1,2,0,38,24,3,1533,4,0,1,1,1,0,1,2,0,1,3,1
-1,1,0,45,14,0,8978,1,1,1,1,1,0,4,3,0,1,4,1
1,1,1,25,24,3,999,4,0,0,2,1,0,4,2,0,1,2,0
1,1,1,32,18,0,2662,4,0,0,1,1,0,3,2,0,1,3,0
1,2,0,37,12,2,1402,3,0,1,1,1,0,3,2,0,0,4,1
1,1,1,36,48,0,12169,4,1,0,1,1,1,0,3,1,2,4,1
-1,1,1,28,48,3,3060,4,1,1,2,1,0,3,2,0,1,4,0
-1,1,0,34,30,5,11998,1,1,1,1,1,0,1,1,0,1,1,1
1,1,1,32,9,3,2697,1,0,1,1,2,0,2,2,0,1,2,0
1,2,0,26,18,3,2404,2,0,1,2,1,0,2,2,0,1,2,0
1,1,0,49,12,2,1262,2,1,0,1,1,0,4,1,0,1,4,1
-1,2,0,32,6,2,4611,1,0,1,1,1,0,1,2,0,1,4,0
1,1,1,29,24,3,1901,4,0,1,1,1,0,2,3,0,0,4,1
1,1,1,23,15,1,3368,3,0,1,2,1,0,4,2,0,0,4,1
1,1,1,50,12,2,1574,4,0,1,1,1,0,2,2,0,1,2,0
1,1,1,49,18,3,1445,4,1,0,1,1,0,3,1,0,1,4,0
1,1,1,63,15,2,1520,4,0,0,1,1,0,4,2,0,1,4,0
1,1,0,37,24,0,3878,4,1,1,1,1,0,1,2,0,1,2,1
1,2,0,35,47,0,10722,1,1,1,1,1,0,1,1,0,1,1,1
1,1,1,26,48,1,4788,4,1,1,1,2,0,3,2,0,1,3,0
1,1,1,31,48,10,7582,2,1,1,1,1,0,0,3,1,2,4,1
1,2,0,49,12,3,1092,4,1,1,2,1,2,2,2,0,1,4,1
-1,1,0,48,24,3,1024,4,1,1,1,1,0,1,2,0,1,4,0
1,1,0,26,12,9,1076,2,0,1,1,1,0,2,2,0,1,2,1
-1,1,0,28,36,1,9398,1,1,1,1,1,0,1,3,0,0,4,1
1,2,0,44,24,1,6419,2,1,1,2,2,0,4,3,0,2,4,1
1,1,1,56,42,1,4796,4,1,1,1,1,0,4,2,0,2,4,0
1,1,0,46,48,9,7629,4,0,0,2,2,0,4,3,0,1,2,0
-1,2,0,26,48,2,9960,1,1,1,1,1,0,1,2,0,1,2,1
1,2,0,20,12,1,4675,1,0,0,1,1,0,1,2,0,0,4,0
1,1,1,45,10,0,1287,4,0,0,1,1,1,4,1,0,1,2,0
1,1,1,43,18,2,2515,3,0,1,1,1,0,2,2,0,1,4,1
1,1,1,32,21,2,2745,3,1,1,2,1,0,3,2,0,1,2,1
1,2,0,54,6,0,672,1,0,1,1,1,0,0,0,1,1,4,1
-1,2,0,42,36,3,3804,4,1,1,1,1,0,2,2,0,1,1,1
-1,1,1,37,24,0,1344,4,1,0,2,2,0,3,1,0,1,2,0
1,1,1,49,10,0,1038,4,1,1,2,1,1,3,2,0,1,3,1
-1,1,1,44,48,0,10127,2,0,1,1,1,0,2,2,0,2,2,0
1,1,0,33,6,2,1543,4,0,1,1,1,0,2,2,0,1,2,0
1,2,0,24,30,1,4811,2,0,0,1,1,0,3,1,0,0,4,0
-1,1,0,33,12,3,727,4,1,1,1,1,0,1,1,0,1,3,1
-1,2,0,24,8,2,1237,3,1,1,1,1,0,2,2,0,1,4,0
1,1,0,22,9,0,276,4,1,1,1,1,0,2,1,0,0,4,0
1,1,1,40,48,10,5381,3,1,0,1,1,0,0,0,1,2,4,1
1,1,1,25,24,2,5511,4,0,1,1,1,0,2,2,0,1,1,0
1,2,0,26,24,2,3749,2,1,1,1,1,0,1,2,0,1,4,0
-1,1,0,25,12,0,685,2,1,1,1,1,0,3,1,0,1,3,0
1,1,1,29,4,0,1494,1,1,0,1,2,0,1,1,0,1,2,0
-1,1,1,31,36,2,2746,4,1,1,1,1,0,4,2,0,1,4,0
1,1,1,38,12,2,708,2,1,1,1,2,2,2,1,0,1,3,0
1,2,0,48,24,2,4351,1,1,0,1,1,0,2,1,0,1,4,1
1,1,1,32,12,6,701,4,0,1,2,1,0,2,2,0,1,2,0
1,2,0,27,15,2,3643,1,1,1,2,1,0,4,1,0,1,4,0
-1,1,0,28,30,0,4249,4,1,1,2,1,0,0,3,1,1,2,0
-1,1,0,32,24,3,1938,4,1,1,1,1,0,1,2,0,1,3,0
1,1,1,34,24,1,2910,2,1,1,1,1,0,3,3,0,2,1,1
1,1,1,28,18,2,2659,4,1,1,1,1,0,2,2,0,1,2,0
1,2,0,36,18,0,1028,4,0,1,2,1,0,2,2,0,1,3,0
1,1,1,39,8,0,3398,1,1,1,2,1,0,3,1,0,1,4,0
1,1,1,49,12,2,5801,2,0,0,1,1,0,4,2,0,0,4,1
1,2,0,34,24,0,1525,4,0,1,1,2,0,3,2,0,1,3,1
1,1,1,31,36,3,4473,4,1,1,1,1,0,4,2,0,1,2,0
1,1,1,28,6,3,1068,4,1,1,1,2,0,4,2,0,1,4,0
1,1,1,75,24,1,6615,2,1,1,2,1,0,0,3,1,2,4,1
-1,2,0,30,18,6,1864,4,0,1,2,1,0,2,2,0,1,2,0
-1,2,0,24,60,0,7408,4,1,1,1,1,0,1,3,0,1,2,0
-1,2,0,24,48,1,11590,2,0,1,2,1,0,2,1,0,0,4,0
-1,1,1,23,24,2,4110,3,1,1,2,2,0,4,2,0,0,4,0
-1,1,0,44,6,2,3384,1,1,1,1,1,0,2,3,0,0,4,1
1,2,0,23,13,3,2101,2,1,1,1,1,2,1,1,0,1,4,0
-1,2,0,24,15,4,1275,4,1,0,1,1,0,2,2,0,0,2,0
1,1,1,28,24,2,4169,4,1,1,1,1,0,2,2,0,1,4,0
1,1,0,31,10,2,1521,4,1,1,1,1,0,2,1,0,1,2,0
1,2,0,24,24,6,5743,2,1,1,2,1,0,1,2,0,2,4,1
1,2,0,26,21,2,3599,1,1,1,1,1,0,3,1,0,0,4,0
1,1,0,25,18,3,3213,1,1,1,1,1,0,1,2,0,0,3,0
1,1,1,33,18,9,4439,1,1,1,1,1,1,4,3,0,1,1,1
1,1,1,37,10,0,3949,1,1,1,1,2,2,1,1,0,1,1,0
1,2,0,43,15,3,1459,4,0,1,1,1,0,2,1,0,1,2,0
1,1,1,23,13,3,882,4,1,1,2,1,2,1,2,0,1,4,0
1,2,0,23,24,3,3758,1,1,1,1,1,0,0,0,1,0,4,0
1,1,1,34,6,9,1743,1,0,1,2,1,0,2,1,0,1,2,0
-1,1,1,32,9,6,1136,4,1,1,2,2,0,4,2,0,2,3,0
1,2,0,23,9,4,1236,1,0,1,1,1,0,1,2,0,0,4,1
-1,2,0,29,9,2,959,1,1,1,1,1,0,2,2,0,1,2,0
1,1,1,38,18,1,3229,2,0,0,1,1,0,0,3,1,1,4,1
-1,1,1,28,12,3,6199,4,1,1,2,1,0,2,2,0,0,2,1
1,1,1,46,10,6,727,4,0,1,1,1,0,4,2,0,2,4,1
-1,1,1,23,24,0,1246,4,1,1,1,1,0,1,1,0,1,2,0
1,1,1,49,12,3,2331,1,0,0,1,1,1,4,2,0,1,4,1
-1,1,1,26,36,3,4463,4,0,1,2,1,0,2,3,0,1,2,1
1,1,0,28,12,3,776,4,0,1,1,1,0,2,2,0,1,2,0
-1,2,0,23,30,2,2406,4,1,1,1,1,0,3,2,0,0,4,0
1,1,1,61,18,6,1239,4,1,0,1,1,0,2,2,0,2,4,0
1,1,1,37,12,3,3399,2,1,0,1,1,0,4,3,0,1,3,0
1,2,0,36,12,0,2247,2,1,1,2,1,0,2,2,0,1,2,1
1,1,0,21,6,2,1766,1,0,1,1,1,0,2,2,0,0,2,0
-1,1,1,25,18,2,2473,4,1,1,1,1,0,0,0,1,1,1,0
1,1,1,36,12,9,1542,2,0,1,1,1,0,3,2,0,1,4,1
1,1,1,27,18,1,3850,3,0,1,2,1,0,3,2,0,1,1,0
1,2,0,22,18,2,3650,1,1,1,1,1,0,1,2,0,0,4,0
-1,1,1,42,36,2,3446,4,1,1,1,2,0,4,2,0,1,2,0
1,2,0,40,18,2,3001,2,1,1,1,1,0,3,2,0,0,4,0
1,1,1,36,36,0,3079,4,0,0,1,1,0,2,2,0,1,4,0
1,1,1,33,18,3,6070,3,0,1,2,1,0,4,2,0,1,4,1
1,2,0,23,10,2,2146,1,0,1,2,1,0,1,2,0,0,3,0
1,1,1,63,60,0,13756,2,0,0,1,1,0,4,3,0,2,4,1
-1,2,0,60,60,10,14782,3,1,1,2,1,0,4,3,0,2,4,1
-1,2,0,37,48,9,7685,2,1,1,1,1,2,3,2,0,0,4,0
1,1,0,34,18,3,2320,2,0,1,2,1,0,0,2,1,1,3,0
1,1,1,36,7,3,846,3,0,0,1,1,0,4,2,0,2,4,0
-1,1,1,57,36,0,14318,4,1,1,1,1,0,4,3,0,2,2,1
1,2,0,52,6,0,362,4,0,1,2,1,0,2,1,0,1,4,0
1,1,1,39,20,2,2212,4,1,0,1,1,0,3,2,0,1,4,1
-1,2,0,38,18,1,12976,3,1,1,1,1,0,0,3,1,2,4,1
1,2,0,25,22,0,1283,4,0,0,1,1,0,3,2,0,0,4,0
1,1,1,26,12,0,1330,4,1,1,1,1,0,1,2,0,1,1,0
1,1,1,26,30,9,4272,2,0,1,2,1,0,2,1,0,1,2,0
1,2,0,25,18,3,2238,2,0,1,2,1,0,2,2,0,1,1,0
1,2,0,21,18,3,1126,4,0,0,1,1,0,1,2,0,0,2,1
1,1,1,40,18,2,7374,4,1,1,2,1,0,0,3,1,1,4,1
1,1,1,27,15,9,2326,2,1,1,1,1,0,2,2,0,1,4,0
1,2,0,27,9,9,1449,3,0,1,2,1,0,3,2,0,1,2,0
1,1,0,30,18,0,1820,2,0,1,1,1,0,2,3,0,1,2,1
1,2,0,19,12,2,983,1,1,1,1,1,0,1,1,0,0,4,0
1,1,1,39,36,0,3249,2,1,1,1,2,0,3,3,0,2,4,1
1,2,0,31,6,3,1957,1,1,1,1,1,0,3,2,0,1,4,0
1,1,1,31,9,2,2406,2,0,1,1,1,0,0,3,1,1,3,0
1,1,1,32,39,6,11760,2,1,1,1,1,0,3,2,0,0,3,1
1,2,0,55,12,2,2578,3,1,1,1,1,0,0,3,1,2,4,0
1,1,0,46,36,2,2348,3,1,1,2,1,0,2,2,0,1,2,1
-1,1,0,46,12,0,1223,1,1,1,2,1,0,4,2,0,0,1,0
1,2,0,43,24,3,1516,4,0,1,2,1,0,2,1,0,1,1,0
1,1,0,39,18,3,1473,3,0,1,1,1,0,1,2,0,1,4,1
1,1,0,28,18,9,1887,4,1,0,2,1,0,2,2,0,1,4,0
-1,1,1,27,24,9,8648,2,0,1,2,1,0,1,2,0,1,2,1
1,1,1,27,14,0,802,4,0,1,2,1,0,2,1,0,1,2,0
1,1,1,43,18,0,2899,4,1,0,1,2,0,4,2,0,1,4,0
-1,1,0,22,24,3,2039,1,1,1,1,1,0,1,2,0,1,1,1
1,1,1,43,24,1,2197,4,0,0,2,2,0,3,2,0,1,4,1
1,1,0,27,15,3,1053,4,1,1,1,1,0,1,2,0,1,2,0
1,1,0,26,24,3,3235,3,0,1,1,1,0,4,3,0,1,2,1
-1,1,0,28,12,0,939,4,1,1,3,1,0,3,2,0,1,2,1
1,2,0,20,24,3,1967,4,1,1,1,1,0,4,2,0,1,4,1
1,1,1,35,33,1,7253,3,0,1,2,1,0,3,3,0,1,2,1
-1,1,1,42,12,9,2292,4,0,1,2,1,0,0,3,1,1,2,1
1,1,1,40,10,0,1597,3,0,1,1,2,0,2,1,0,0,2,0
-1,2,0,35,24,0,1381,4,1,0,1,1,0,2,2,0,1,2,0
1,1,1,35,36,1,5842,2,0,1,2,2,0,4,2,0,1,2,1
-1,1,1,33,12,0,2579,4,1,1,1,2,0,1,1,0,1,1,0
1,2,0,23,18,6,8471,1,1,0,2,1,0,2,2,0,0,2,1
1,2,0,31,21,0,2782,1,0,1,1,1,0,3,3,0,1,2,0
-1,2,0,33,18,0,1042,4,1,0,1,1,0,2,2,0,1,2,0
1,2,0,20,15,0,3186,2,0,1,1,1,0,3,2,0,0,3,0
1,1,1,30,12,1,2028,4,1,0,1,1,0,2,2,0,1,2,0
1,1,1,47,12,0,958,2,1,1,2,2,0,3,1,0,1,3,0
1,1,1,34,21,2,1591,4,0,1,2,1,0,3,3,0,1,3,0
-1,2,0,25,12,2,2762,1,1,0,1,1,0,4,2,0,1,2,1
1,1,0,21,18,1,2779,1,1,1,1,1,0,2,2,0,0,3,1
1,1,1,29,28,3,2743,4,0,1,2,1,0,4,2,0,1,2,0
1,1,1,46,18,3,1149,4,0,1,2,1,0,2,2,0,1,3,0
1,1,1,20,9,2,1313,1,0,1,1,1,0,4,2,0,1,4,0
-1,2,0,55,18,5,1190,2,1,1,3,2,0,0,0,1,2,4,0
1,1,1,74,5,9,3448,1,0,1,1,1,0,3,1,0,1,4,0
-1,1,1,29,24,10,11328,2,1,1,2,1,1,2,3,0,1,3,1
1,1,1,36,6,2,1872,4,1,1,3,1,0,0,3,1,2,4,1
1,1,0,33,24,5,2058,4,0,1,2,1,0,2,2,0,1,2,1
1,1,1,25,9,2,2136,3,1,1,1,1,0,2,2,0,1,2,0
-1,1,0,25,12,3,1484,2,1,0,1,1,0,2,2,0,1,1,1
1,1,0,23,6,5,660,2,0,1,1,1,0,3,1,0,0,4,0
1,2,0,37,24,0,1287,4,0,1,2,1,0,4,2,0,1,4,1
1,1,1,65,42,5,3394,4,1,1,2,1,1,0,0,1,1,4,0
-1,2,0,26,12,9,609,4,1,1,1,1,0,1,0,0,1,1,0
1,1,1,39,12,0,1884,4,0,1,1,1,0,4,3,0,1,4,1
1,2,0,30,12,2,1620,2,1,1,1,1,1,2,2,0,1,3,0
1,1,1,29,20,10,2629,2,1,1,2,1,0,2,2,0,1,3,1
-1,1,1,41,12,6,719,4,0,1,1,2,0,4,1,0,1,4,0
-1,2,0,30,48,2,5096,2,1,1,1,1,0,2,3,0,1,3,1
1,2,0,41,9,6,1244,4,0,0,2,1,0,4,1,0,0,4,0
-1,2,0,34,36,0,1842,4,1,1,1,1,0,1,2,0,1,4,1
1,1,1,35,7,3,2576,2,1,1,1,1,2,2,2,0,1,2,0
1,2,0,55,12,2,1424,3,1,0,1,1,0,4,3,0,1,4,1
-1,1,0,61,15,5,1512,3,1,1,2,1,0,2,2,0,1,3,0
1,1,1,30,36,1,11054,4,0,0,1,1,0,2,3,0,1,2,1
1,2,0,29,6,3,518,3,0,1,1,1,0,2,2,0,1,1,0
1,1,1,34,12,2,2759,2,0,1,2,1,0,4,2,0,1,4,0
1,1,1,35,24,1,2670,4,0,1,1,1,0,4,3,0,1,4,1
-1,1,1,31,24,0,4817,2,1,1,1,1,1,3,2,0,1,3,1
1,2,0,29,24,1,2679,4,0,1,1,1,0,1,3,0,1,1,1
1,1,1,36,11,0,3905,2,1,1,2,2,0,2,2,0,0,2,0
-1,1,1,35,12,1,3386,3,1,1,1,1,0,4,2,0,2,4,1
1,2,0,27,6,4,343,4,1,1,1,1,0,1,2,0,1,1,0
1,1,1,32,18,3,4594,3,0,1,1,1,0,1,2,0,1,2,1
1,1,1,37,36,2,3620,1,1,1,1,2,2,2,2,0,1,2,0
1,1,1,36,15,0,1721,2,1,1,1,1,0,1,2,0,1,3,0
1,2,0,34,12,2,3017,3,1,1,1,1,0,1,3,0,0,1,0
1,1,1,38,12,8,754,4,1,0,2,1,0,4,2,0,1,4,0
1,1,1,34,18,9,1950,4,0,1,2,1,0,3,2,0,1,1,1
1,1,1,63,24,1,2924,3,1,1,1,2,2,2,2,0,1,4,1
-1,2,0,29,24,3,1659,4,1,1,1,1,0,1,1,0,0,2,1
1,1,1,32,48,3,7238,3,0,0,2,2,0,4,2,0,1,3,0
1,2,0,26,33,9,2764,2,0,1,2,1,0,2,2,0,1,2,1
1,1,1,35,24,1,4679,3,0,1,2,1,0,3,1,0,1,3,1
-1,1,0,22,24,3,3092,3,1,1,1,1,0,1,2,0,0,2,1
-1,2,0,23,6,6,448,4,1,1,1,1,0,1,2,0,1,4,0
-1,1,1,28,9,0,654,4,1,1,1,1,0,2,1,0,1,3,0
1,1,1,36,6,8,1238,4,0,0,1,2,0,0,3,1,1,4,1
-1,1,0,33,18,3,1245,4,1,1,1,1,0,2,2,0,1,2,0
-1,2,0,26,18,2,3114,1,1,1,1,1,0,1,2,0,0,4,0
1,1,1,24,39,1,2569,4,0,1,1,1,0,2,2,0,1,4,0
1,1,1,25,24,3,5152,4,1,1,1,1,0,3,2,0,1,2,0
1,1,1,39,12,9,1037,3,1,1,1,1,0,3,1,0,1,4,0
1,1,1,44,15,2,1478,4,1,1,2,2,0,4,2,0,1,4,1
1,2,0,23,12,3,3573,1,1,1,1,1,0,2,1,0,1,1,0
1,1,1,26,24,0,1201,4,1,1,1,1,0,1,2,0,1,1,0
1,2,0,57,30,2,3622,4,1,1,2,1,0,4,2,0,0,4,1
1,2,0,30,15,2,960,3,0,1,2,1,0,3,2,0,1,2,0
1,1,1,44,12,0,1163,4,0,1,1,1,0,2,2,0,1,4,1
-1,1,1,47,6,0,1209,4,1,1,1,1,0,0,3,1,1,4,1
1,1,1,52,12,3,3077,2,0,1,1,1,0,2,2,0,1,4,1
1,2,0,62,24,0,3757,4,0,1,1,1,1,4,2,0,2,4,1
1,1,1,35,10,0,1418,3,0,1,1,1,0,2,1,0,0,2,0
1,1,1,26,6,0,3518,2,0,1,1,1,2,2,2,0,0,3,0
1,1,1,26,12,3,1934,2,0,1,2,1,0,4,2,0,1,2,0
-1,2,0,42,27,9,8318,2,1,1,2,1,0,4,3,0,2,4,1
1,2,0,27,6,3,1237,1,0,1,2,1,0,2,2,0,1,1,0
1,1,1,38,6,3,368,4,1,0,1,1,0,4,2,0,1,4,0
1,1,1,39,12,0,2122,3,1,1,2,2,0,2,1,0,0,2,0
-1,1,0,20,24,2,2996,2,1,0,1,1,0,2,2,0,1,4,0
-1,1,1,29,36,2,9034,4,1,1,1,1,1,1,3,0,0,1,1
1,1,1,40,24,2,1585,4,0,1,2,1,0,3,2,0,1,3,0
1,1,0,32,18,3,1301,4,1,1,1,1,2,4,1,0,1,2,0
1,1,0,28,6,0,1323,2,1,1,2,2,0,4,2,0,1,4,1
-1,2,0,27,24,0,3123,4,1,1,1,1,0,1,2,0,1,1,0
1,1,1,42,36,1,5493,2,1,1,1,2,0,4,2,0,2,4,0
1,1,0,49,9,3,1126,2,1,1,1,1,0,4,2,0,1,4,0
-1,1,1,38,24,3,1216,4,1,1,2,2,0,1,2,0,1,4,0
-1,2,0,24,24,0,1207,4,1,1,1,1,0,1,2,0,0,4,0
-1,1,1,27,10,0,1309,4,0,0,1,1,2,2,1,0,1,4,0
1,1,1,36,15,1,2360,2,1,1,1,1,0,2,2,0,1,2,1
-1,1,1,34,15,0,6850,1,1,1,1,2,0,0,3,1,1,2,1
1,1,0,28,24,3,1413,4,0,1,1,1,0,2,2,0,1,2,0
1,1,1,45,39,1,8588,4,0,1,1,1,0,4,3,0,1,2,1
-1,1,1,26,12,0,759,4,1,1,1,1,0,3,2,0,1,2,0
1,1,1,32,36,1,4686,2,0,1,1,1,0,2,3,0,2,2,1
1,1,1,26,15,9,2687,2,1,1,1,1,0,3,2,0,0,4,1
1,1,0,20,12,3,585,4,1,1,2,1,1,2,2,0,0,4,0
1,1,1,54,24,0,2255,4,0,0,1,1,0,1,2,0,1,1,0
1,2,0,37,6,0,609,4,1,1,2,1,0,3,2,0,1,3,0
1,1,1,40,6,0,1361,2,1,1,1,2,0,1,1,0,1,4,0
-1,2,0,23,36,2,7127,2,0,1,2,1,0,1,2,0,0,4,1
1,1,1,43,6,0,1203,3,1,1,1,1,0,4,2,0,1,2,1
1,1,1,36,6,3,700,4,0,0,2,1,0,4,2,0,2,4,0
1,1,1,44,24,5,5507,3,0,1,2,1,0,4,2,0,2,4,0
-1,2,0,24,18,3,3190,2,1,1,1,1,0,2,2,0,1,2,0
-1,1,1,53,48,2,7119,3,1,1,2,2,0,2,2,0,2,4,0
1,2,0,23,24,1,3488,3,0,1,1,1,0,3,2,0,1,4,0
1,2,0,26,18,3,1113,4,1,1,1,2,2,2,1,0,1,4,0
1,1,1,30,26,1,7966,2,1,1,2,1,0,1,2,0,1,3,0
1,2,0,31,15,6,1532,4,0,1,1,1,0,2,2,0,1,3,0
1,1,1,42,4,3,1503,2,0,1,2,2,0,3,1,0,1,1,0
-1,1,0,31,36,3,2302,4,1,1,1,1,0,2,2,0,0,4,0
1,1,1,41,6,0,662,3,1,1,1,2,0,1,1,0,1,4,1
1,1,1,32,36,6,2273,3,1,1,2,2,0,3,2,0,1,1,0
-1,2,0,28,15,0,2631,2,1,1,2,1,0,2,2,0,0,4,1
1,1,0,41,12,1,1503,4,0,1,1,1,0,2,2,0,0,4,0
1,1,0,26,24,3,1311,4,0,1,1,1,0,3,2,0,1,3,1
1,1,1,25,24,3,3105,4,0,0,2,1,0,1,2,0,1,2,0
-1,1,0,33,21,6,2319,2,1,1,1,1,0,1,2,0,0,1,0
1,2,0,75,6,0,1374,4,1,0,1,1,0,0,3,1,1,3,1
1,2,0,37,18,2,3612,3,1,1,1,1,0,4,2,0,1,4,1
-1,1,1,42,48,0,7763,4,1,1,1,1,0,4,3,0,2,4,0
1,2,0,45,18,2,3049,1,1,1,1,1,0,1,1,0,1,1,0
-1,1,0,23,12,3,1534,1,1,1,1,1,0,1,2,0,0,1,0
1,1,1,60,24,0,2032,4,0,1,2,1,0,4,2,0,2,4,1
-1,1,1,31,30,2,6350,4,1,0,1,1,0,4,2,0,1,4,0
-1,1,1,34,18,2,2864,2,1,1,1,2,0,2,1,0,1,1,0
1,1,1,61,12,0,1255,4,0,1,2,1,0,4,1,0,1,4,0
-1,1,1,43,24,0,1333,4,1,1,2,2,0,0,2,1,2,2,0
1,2,0,37,24,0,2022,4,0,1,1,1,0,2,2,0,1,4,1
1,1,1,32,24,3,1552,3,0,1,1,2,0,3,2,0,1,1,0
-1,2,0,24,12,3,626,4,1,1,1,1,0,2,1,0,1,4,0
1,1,1,35,48,1,8858,2,0,0,2,1,0,3,2,0,2,1,1
1,2,0,23,12,5,996,4,0,0,2,1,0,3,2,0,1,4,0
1,1,1,45,6,3,1750,2,0,1,1,2,0,4,1,0,1,4,0
-1,1,0,34,48,3,6999,1,1,1,2,1,2,3,2,0,1,1,1
1,1,1,27,12,0,1995,4,1,1,1,1,0,1,2,0,1,1,0
1,2,0,67,9,6,1199,4,1,1,2,1,0,3,3,0,1,4,1
-1,1,1,22,12,3,1331,2,1,1,1,1,0,1,2,0,1,1,0
-1,2,0,28,18,0,2278,3,1,1,2,1,0,1,2,0,1,3,0
-1,2,0,29,21,0,5003,1,0,0,2,1,0,2,2,0,1,4,1
-1,1,1,27,24,2,3552,3,1,1,1,1,0,3,2,0,1,4,0
-1,1,1,31,18,2,1928,2,1,1,2,1,0,1,1,0,1,2,0
1,1,1,49,24,1,2964,4,1,0,1,2,0,4,2,0,2,4,1
-1,1,1,24,24,3,1546,4,1,1,1,1,2,3,1,0,0,4,0
1,2,0,29,6,3,683,2,1,1,1,1,0,1,2,0,1,1,0
-1,1,1,37,36,0,12389,1,1,0,1,1,0,2,2,0,2,4,1
1,1,1,37,24,9,4712,4,1,0,2,1,0,2,3,0,1,2,1
1,2,0,23,24,3,1553,3,1,1,2,1,0,3,2,0,0,2,1
-1,1,0,36,12,0,1372,2,1,1,1,1,0,3,2,0,1,3,0
1,1,1,34,24,3,2578,2,0,1,1,1,0,4,2,0,1,2,0
1,1,1,41,48,3,3979,4,1,0,2,2,0,3,2,0,1,1,1
-1,2,0,31,48,3,6758,3,1,1,1,1,0,2,2,0,1,2,1
-1,2,0,23,24,2,3234,4,1,1,1,1,0,1,1,0,0,4,1
1,1,1,38,30,3,5954,3,0,1,1,1,1,3,2,0,1,2,0
1,2,0,26,24,1,5433,2,0,0,1,1,0,0,3,1,0,4,1
1,2,0,22,15,9,806,4,1,1,1,1,0,2,1,0,1,4,0
1,1,1,27,9,3,1082,4,1,1,2,1,0,4,1,0,1,4,0
1,2,0,24,15,2,2788,2,0,1,2,1,1,3,2,0,1,3,0
1,2,0,27,12,3,2930,2,1,1,1,1,0,3,2,0,1,1,0
1,2,0,33,24,6,1927,3,0,0,2,1,0,2,2,0,1,2,1
-1,1,0,27,36,0,2820,4,1,1,2,1,0,1,2,0,1,4,0
1,1,0,27,24,8,937,4,0,1,2,1,0,1,1,0,1,3,0
-1,1,1,30,18,0,1056,3,1,1,2,1,2,4,2,0,1,3,0
1,1,1,49,12,0,3124,1,1,1,2,2,0,1,1,0,1,3,0
1,2,0,26,9,2,1388,4,0,1,1,1,0,2,2,0,0,2,0
-1,1,1,33,36,5,2384,4,1,1,1,1,0,1,1,0,0,1,0
1,2,0,52,12,0,2133,4,0,0,1,1,0,4,3,0,2,4,1
-1,2,0,20,18,2,2039,1,1,1,1,1,0,2,2,0,0,4,0
1,1,1,36,9,0,2799,2,1,1,2,2,0,2,2,0,0,2,0
1,1,1,21,12,2,1289,4,1,1,1,1,2,2,1,0,1,1,0
-1,1,0,47,18,4,1217,4,1,1,1,1,0,2,1,0,1,3,1
-1,1,1,60,12,2,2246,3,1,1,2,1,0,4,2,0,1,3,0
1,2,0,58,12,3,385,4,1,1,4,1,0,3,1,0,1,3,1
1,2,0,42,24,0,1965,4,1,0,2,1,0,2,2,0,0,4,1
1,2,0,36,21,9,1572,4,0,1,1,1,0,4,1,0,1,4,0
-1,2,0,20,24,0,2718,3,1,1,1,1,0,2,1,0,0,4,1
-1,1,1,40,24,10,1358,4,1,0,1,1,0,4,3,0,1,3,1
-1,2,0,32,6,0,931,1,1,1,1,1,0,1,1,0,1,1,0
-1,2,0,23,24,0,1442,4,1,1,2,1,0,3,2,0,0,4,0
-1,1,1,36,24,9,4241,1,1,1,3,1,0,2,1,0,1,4,1
-1,1,1,31,18,0,2775,2,0,1,2,1,0,3,2,0,1,2,0
1,1,1,32,24,9,3863,1,0,1,1,1,0,2,2,0,2,2,0
1,2,0,45,7,3,2329,1,1,1,1,1,2,1,2,0,1,1,0
-1,2,0,30,9,2,918,4,1,1,1,1,0,2,2,0,1,1,0
-1,2,0,34,24,6,1837,4,1,1,1,1,0,3,1,0,2,4,0
-1,2,0,28,36,2,3349,4,0,1,1,1,0,2,3,0,1,2,1
1,2,0,23,10,2,1275,4,1,1,1,1,0,1,2,0,1,2,0
1,1,1,22,24,2,2828,4,1,1,1,1,0,2,2,0,1,4,1
1,1,1,74,24,9,4526,3,0,1,1,1,0,2,3,0,1,2,1
-1,2,0,50,36,3,2671,4,1,1,1,1,1,2,2,0,2,4,0
1,1,1,33,18,3,2051,4,0,1,1,1,0,1,2,0,1,1,0
1,1,1,45,15,1,1300,4,0,0,1,2,0,4,2,0,2,4,0
-1,2,0,22,12,4,741,4,1,1,1,1,0,0,2,1,1,3,0
-1,2,0,48,10,0,1240,1,1,1,1,2,0,4,1,0,2,4,0
1,2,0,29,21,3,3357,4,1,1,1,1,0,1,2,0,1,2,0
1,2,0,22,24,1,3632,1,1,1,1,1,2,2,2,0,0,4,0
-1,2,0,22,18,2,1808,4,0,1,1,1,0,3,2,0,1,1,0
1,1,1,48,48,9,12204,2,1,0,1,1,0,2,3,0,1,2,1
1,1,1,27,60,3,9157,2,1,0,1,1,0,2,3,0,2,2,0
1,1,1,37,6,0,3676,1,1,1,3,2,0,2,2,0,0,3,0
-1,2,0,21,30,2,3441,2,1,1,1,1,1,2,2,0,0,4,0
1,1,0,49,12,0,640,4,0,1,1,1,0,2,1,0,1,2,0
1,1,1,27,21,9,3652,2,1,1,2,1,0,3,2,0,1,3,0
-1,1,1,32,18,0,1530,3,0,1,2,1,0,2,2,0,1,2,0
-1,1,0,38,48,9,3914,4,0,0,1,1,0,2,2,0,1,2,0
1,2,0,22,12,2,1858,4,1,1,1,1,0,1,2,0,0,1,0
-1,1,1,65,18,3,2600,4,1,1,2,1,0,2,2,0,2,4,0
1,1,1,35,15,3,1979,4,0,0,1,1,0,4,2,0,1,2,0
1,1,1,41,6,2,2116,2,1,1,1,1,0,2,2,0,1,2,1
-1,1,1,29,9,0,1437,2,1,1,1,1,0,3,2,0,1,3,0
1,1,1,36,42,2,4042,4,0,1,2,1,0,2,2,0,1,4,1
1,1,1,64,9,6,3832,1,0,0,1,1,0,4,1,0,1,4,0
1,2,0,28,24,3,3660,2,1,1,1,1,0,2,2,0,1,4,0
-1,1,1,44,18,2,1553,4,1,1,1,1,0,2,2,0,1,3,0
1,1,1,23,15,3,1444,4,1,0,1,1,0,1,2,0,1,1,0
-1,2,0,19,9,2,1980,2,0,1,2,1,1,1,2,0,0,2,0
-1,2,0,25,24,0,1355,3,1,1,1,1,0,1,1,0,1,4,1
1,1,1,47,12,6,1393,4,0,1,3,2,0,4,2,0,1,4,1
1,2,0,28,24,3,1376,4,0,1,1,1,0,3,2,0,1,1,0
1,1,1,21,60,3,15653,2,0,1,2,1,0,3,2,0,1,4,1
1,2,0,34,12,3,1493,4,0,1,1,2,0,1,2,0,1,3,0
-1,1,1,26,42,3,4370,3,1,1,2,2,0,3,2,0,1,2,1
-1,2,0,27,18,6,750,4,1,1,1,1,0,0,0,1,1,1,0
1,1,1,38,15,5,1308,4,1,1,2,1,0,4,1,0,1,4,0
-1,1,1,40,15,6,4623,3,0,1,1,1,0,2,3,0,1,2,1
1,1,0,33,24,3,1851,4,0,1,2,1,2,3,2,0,1,2,1
1,1,0,32,18,3,1880,4,1,1,2,1,0,3,3,0,1,1,1
-1,1,1,27,36,9,7980,4,0,0,2,1,0,1,2,0,0,4,1
1,1,0,32,30,2,4583,2,1,1,2,1,2,2,2,0,1,2,0
-1,2,0,26,12,0,1386,2,0,1,1,1,0,2,2,0,1,2,0
-1,1,1,38,24,0,947,4,1,1,1,2,0,3,2,0,2,3,0
-1,1,1,40,12,6,684,4,1,1,1,2,0,2,1,0,0,4,0
1,1,1,50,48,6,7476,4,1,1,1,1,0,3,3,0,2,1,1
-1,1,1,37,12,2,1922,4,1,1,1,1,0,2,1,0,1,2,0
-1,1,1,45,24,0,2303,4,1,1,1,1,1,4,2,0,1,1,0
-1,1,1,42,36,0,8086,2,1,1,4,1,0,4,3,0,1,4,1
1,1,1,35,24,1,2346,4,0,1,2,1,0,3,2,0,1,3,1
1,1,1,22,14,0,3973,1,1,1,1,1,0,0,2,1,2,4,0
-1,1,1,41,12,0,888,4,1,1,1,2,0,4,1,0,1,4,0
1,1,1,37,48,3,10222,4,0,0,1,1,0,3,2,0,1,3,1
1,2,0,28,30,9,4221,2,1,1,2,1,0,2,2,0,1,1,0
1,1,1,41,18,2,6361,2,1,1,1,1,0,4,2,0,1,1,1
1,1,0,23,12,3,1297,3,1,1,1,1,0,2,2,0,0,4,0
-1,1,0,23,12,0,900,4,1,0,1,1,0,2,2,0,1,2,0
1,1,1,50,21,2,2241,4,0,1,2,1,0,4,2,0,1,2,0
1,1,1,35,6,2,1050,4,1,1,2,1,0,0,3,1,1,1,1
1,2,0,50,6,6,1047,2,1,1,1,1,0,2,1,0,1,4,0
1,1,1,27,24,10,6314,4,0,1,2,1,1,0,3,1,1,2,1
1,1,1,34,30,2,3496,4,1,1,1,2,0,2,2,0,1,2,1
1,2,0,27,48,9,3609,1,0,1,1,1,0,2,2,0,1,1,0
-1,1,1,43,12,0,4843,3,1,1,2,1,1,4,2,0,0,4,1
1,1,1,47,30,3,3017,4,1,1,1,1,0,4,2,0,1,4,0
1,1,1,27,24,9,4139,3,0,1,2,1,0,2,1,0,1,3,1
1,1,1,31,36,9,5742,2,0,1,2,1,0,3,2,0,1,2,1
1,1,1,42,60,0,10366,2,0,1,1,1,0,4,3,0,1,4,1
1,1,0,24,6,0,2080,1,0,1,1,1,0,2,2,0,1,2,0
-1,1,1,41,21,9,2580,4,0,1,1,2,0,1,1,0,1,2,0
1,2,0,26,30,3,4530,4,0,1,1,1,0,3,3,0,0,4,1
1,1,1,33,24,2,5150,4,0,1,1,1,0,4,2,0,1,4,1
-1,1,0,24,72,3,5595,2,1,1,1,1,0,2,2,0,1,2,0
1,1,1,64,24,3,2384,4,1,1,1,1,0,4,1,0,0,4,0
1,2,0,26,18,3,1453,3,0,1,1,1,0,1,2,0,1,1,0
1,2,0,56,6,6,1538,1,0,1,1,1,0,1,2,0,1,2,0
1,1,1,37,12,3,2279,4,0,0,1,1,0,2,2,0,2,4,1
1,1,0,33,15,3,1478,4,0,1,2,1,0,2,2,0,1,3,0
1,1,0,47,24,3,5103,3,0,1,3,1,0,1,2,0,2,3,1
1,1,1,31,36,9,9857,1,1,1,2,2,0,3,1,0,1,3,1
1,1,1,34,60,0,6527,4,0,0,1,2,0,2,2,0,2,4,1
1,1,1,27,10,3,1347,4,1,0,2,1,0,3,2,0,1,2,1
1,1,1,30,36,0,2862,4,1,1,1,1,0,4,2,0,2,3,0
1,1,1,35,9,3,2753,3,0,1,1,1,1,4,2,0,1,4,1
1,1,1,31,12,0,3651,1,1,1,1,2,0,2,2,0,1,3,0
1,1,0,25,15,2,975,2,1,1,2,1,0,2,2,0,1,3,0
1,2,0,25,15,5,2631,3,1,1,1,1,0,2,1,0,1,2,0
1,1,1,29,24,3,2896,2,1,1,1,1,0,1,2,0,1,1,0
1,1,1,44,6,0,4716,1,1,0,2,2,0,1,1,0,1,3,0
1,1,1,28,24,3,2284,4,0,1,1,1,0,3,2,0,1,2,1
1,1,1,50,6,1,1236,2,0,1,1,1,0,2,2,0,0,4,0
1,1,1,29,12,3,1103,4,1,1,2,1,2,3,2,0,1,3,0
1,2,0,38,12,0,926,1,0,1,1,1,0,0,0,1,1,2,0
1,1,1,24,18,3,1800,4,0,1,2,1,0,2,2,0,1,2,0
1,1,1,40,15,6,1905,4,1,1,1,1,0,4,3,0,0,4,1
-1,2,0,29,12,2,1123,4,0,1,1,1,0,2,1,0,0,4,0
-1,1,1,46,48,1,6331,4,1,1,2,1,0,4,2,0,2,4,1
1,2,0,47,24,3,1377,4,1,1,1,1,0,4,2,0,2,2,1
1,1,1,41,30,9,2503,4,1,1,2,1,0,4,2,0,1,2,0
1,2,0,32,27,9,2528,4,1,1,1,2,0,1,2,0,1,1,1
1,2,0,35,15,0,5324,1,0,1,1,1,0,4,2,0,2,4,0
-1,1,1,24,48,0,6560,3,1,1,1,1,0,3,2,0,1,2,0
-1,2,0,25,12,2,2969,4,1,1,2,1,0,1,2,0,0,3,0
1,2,0,25,9,3,1206,4,1,1,1,1,0,4,2,0,1,4,0
1,1,1,37,9,3,2118,2,1,1,1,2,0,2,1,0,1,2,0
1,1,1,32,18,3,629,4,0,1,2,1,0,4,3,0,1,3,1
-1,2,0,35,6,6,1198,4,1,1,1,1,0,4,2,0,2,4,0
1,1,1,46,21,1,2476,4,0,0,1,1,0,4,3,0,1,4,1
1,1,1,25,9,3,1138,4,1,1,2,1,0,2,1,0,1,4,0
-1,1,1,27,60,0,14027,4,1,1,1,1,0,3,3,0,1,2,1
1,1,1,63,30,1,7596,1,0,0,2,1,0,4,2,0,1,4,0
1,1,1,40,30,3,3077,3,0,0,2,2,0,4,2,0,1,2,1
1,1,1,32,18,3,1505,4,0,1,1,1,0,2,3,0,2,2,1
1,1,1,31,24,3,3148,3,1,0,2,1,0,2,2,0,1,2,1
1,1,0,31,20,1,6148,3,1,1,2,1,0,4,2,0,1,4,1
-1,1,1,34,9,3,1337,4,1,1,2,1,0,1,3,0,1,2,1
-1,2,0,24,6,6,433,4,1,1,1,2,0,1,2,0,0,2,0
-1,2,0,24,12,0,1228,4,1,1,1,1,0,2,1,0,1,2,0
1,2,0,66,9,3,790,4,1,1,1,1,0,2,1,0,1,3,0
-1,2,0,21,27,0,2570,3,0,1,1,1,0,2,2,0,0,3,0
1,2,0,41,6,0,250,2,0,1,2,1,0,2,1,0,1,2,0
1,1,0,47,15,3,1316,2,0,1,2,1,0,2,1,0,1,2,0
-1,2,0,25,18,3,1882,4,1,1,2,1,0,2,2,0,0,4,0
-1,2,0,59,48,9,6416,4,1,1,1,1,0,4,2,0,0,3,0
1,1,0,36,24,9,1275,2,1,1,2,1,0,2,2,0,1,4,1
1,1,1,33,24,3,6403,1,1,1,1,1,0,1,2,0,1,2,0
-1,1,1,21,24,3,1987,2,1,1,1,2,0,2,1,0,0,4,0
1,2,0,44,8,3,760,4,1,1,1,1,2,3,1,0,1,2,0
1,2,0,28,24,1,2603,2,0,1,1,1,0,2,2,0,0,4,1
1,2,0,37,4,0,3380,1,0,1,1,2,0,3,2,0,1,1,0
1,2,0,29,36,4,3990,3,1,0,1,1,0,1,0,0,1,2,0
-1,2,0,23,24,1,11560,1,1,1,2,1,0,2,3,0,0,4,0
1,1,1,35,18,0,4380,3,1,1,1,2,0,2,1,0,1,4,1
1,1,1,45,6,0,6761,1,0,1,2,2,0,3,3,0,1,3,1
-1,2,0,26,30,9,4280,4,1,1,2,1,0,2,1,0,0,4,0
1,1,1,32,24,0,2325,2,1,1,1,1,0,3,2,0,1,3,0
1,1,1,23,10,3,1048,4,1,1,1,1,0,2,1,0,1,4,0
1,1,1,41,21,3,3160,4,0,0,1,1,0,4,2,0,1,3,1
1,1,1,22,24,2,2483,4,1,1,1,1,0,2,2,0,1,4,1
1,1,1,30,39,2,14179,4,1,0,2,1,0,3,3,0,1,4,1
1,1,1,28,13,9,1797,3,1,1,2,1,0,1,1,0,1,1,0
1,2,0,23,15,0,2511,1,1,1,1,1,0,0,2,1,0,4,0
-1,2,0,37,12,0,1274,3,1,1,1,1,0,1,1,0,1,1,0
1,1,1,26,21,1,5248,1,0,0,1,1,0,2,2,0,1,3,0
1,1,1,33,15,1,3029,2,0,1,1,1,0,3,2,0,1,2,0
1,2,0,49,6,2,428,2,1,1,1,1,0,4,2,0,1,1,1
-1,2,0,23,18,0,976,1,1,1,1,1,0,1,1,0,1,2,0
1,2,0,23,12,9,841,2,1,1,1,1,0,3,1,0,0,4,0
1,2,0,25,30,3,5771,4,0,1,2,1,0,3,2,0,1,2,0
-1,1,1,55,12,5,1555,4,0,1,2,2,0,4,2,0,2,4,0
-1,2,0,32,24,0,1285,4,1,0,1,1,0,3,2,0,0,4,0
1,1,1,74,6,0,1299,1,1,1,3,2,0,2,0,0,1,1,0
-1,1,1,39,15,3,1271,3,1,0,2,1,0,2,2,0,2,4,1
1,1,1,31,24,0,1393,2,0,1,1,1,2,2,2,0,1,2,1
-1,1,1,35,12,0,691,4,1,1,2,1,0,4,2,0,1,3,0
1,2,0,59,15,0,5045,1,0,0,1,1,0,4,2,0,1,4,1
-1,2,0,24,18,2,2124,4,1,1,2,1,0,2,2,0,0,4,0
1,1,1,24,12,3,2214,4,1,1,1,1,0,2,1,0,1,3,0
-1,1,1,30,21,0,12680,4,0,0,1,1,0,4,3,0,2,4,1
1,1,0,27,24,0,2463,4,0,1,2,1,0,3,2,0,1,3,1
1,1,0,40,12,3,1155,3,1,1,2,1,2,4,1,0,1,3,0
-1,1,0,31,30,2,3108,2,1,1,1,1,0,1,1,0,1,4,0
1,2,0,31,10,1,2901,1,0,0,1,1,0,1,2,0,0,4,0
1,1,1,28,12,2,3617,1,1,1,3,1,0,4,2,0,0,4,1
1,1,1,63,12,3,1655,2,0,1,2,1,0,4,1,0,1,4,1
1,2,0,26,24,1,2812,2,1,0,1,1,0,4,2,0,0,4,0
-1,2,0,25,36,6,8065,3,1,1,2,1,0,2,3,0,1,2,1
1,1,1,36,21,1,3275,1,0,1,1,1,0,4,3,0,1,4,1
1,1,1,52,24,3,2223,4,0,1,2,1,0,4,2,0,1,4,0
1,1,1,66,12,0,1480,2,1,1,3,1,0,0,0,1,2,4,0
-1,2,0,25,24,0,1371,4,1,0,1,1,0,2,2,0,0,4,0
1,1,1,37,36,0,3535,4,0,1,2,1,0,3,2,0,1,4,1
1,2,0,25,18,3,3509,4,1,1,1,1,2,3,2,0,1,1,0
1,1,1,38,36,1,5711,4,0,1,2,1,0,4,3,0,1,2,1
1,2,0,67,18,5,3872,2,1,1,1,1,0,0,2,1,1,4,1
-1,1,1,25,39,3,4933,2,1,1,2,1,2,3,2,0,1,2,0
1,1,1,60,24,0,1940,4,0,1,1,1,0,4,2,0,1,4,1
1,1,1,31,12,8,1410,2,1,1,1,1,0,2,1,0,1,2,1
-1,2,0,23,12,0,836,4,1,1,1,1,0,1,1,0,1,2,0
1,1,0,60,20,1,6468,1,1,0,1,1,0,0,3,1,1,4,1
1,1,1,35,18,9,1941,4,1,1,1,1,0,2,1,0,1,2,1
1,1,1,40,22,3,2675,3,0,1,1,1,0,4,2,0,1,4,0
1,1,1,38,48,1,2751,4,0,0,2,2,0,4,2,0,1,3,1
-1,1,1,50,48,6,6224,4,1,1,1,1,0,4,2,0,2,4,0
-1,1,1,27,40,6,5998,4,1,1,1,1,0,2,2,0,1,3,1
-1,2,0,39,21,9,1188,2,1,1,1,2,0,4,2,0,1,4,0
1,1,1,41,24,1,6313,3,0,0,1,2,0,4,3,0,1,4,1
1,1,0,27,6,2,1221,1,0,0,2,1,0,2,2,0,1,2,0
1,1,0,51,24,2,2892,3,1,1,1,1,0,4,2,0,2,4,0
1,1,1,32,24,2,3062,4,0,1,1,1,0,4,2,0,0,3,1
1,2,0,22,9,2,2301,2,0,1,1,1,0,1,2,0,0,4,0
-1,1,1,51,18,1,7511,1,1,0,1,2,0,4,2,0,2,4,1
1,2,0,22,12,2,1258,2,0,1,2,1,0,1,1,0,0,4,0
1,1,0,54,24,0,717,4,0,0,2,1,0,4,2,0,1,4,1
1,1,1,35,9,0,1549,4,1,0,1,1,0,1,0,0,1,2,0
1,1,1,54,24,6,1597,4,0,1,2,2,0,4,2,0,2,4,0
1,2,0,48,18,3,1795,3,1,1,2,1,2,4,1,0,0,4,1
1,2,0,24,20,2,4272,1,1,1,2,1,0,4,2,0,1,4,0
1,1,1,35,12,3,976,4,0,0,2,1,0,4,2,0,1,4,0
1,2,0,24,12,0,7472,1,1,0,1,1,0,0,0,1,0,2,0
-1,1,1,24,36,0,9271,2,1,1,1,1,0,3,2,0,1,1,1
1,1,0,26,6,3,590,3,1,1,1,1,0,1,1,0,1,3,0
1,1,1,65,12,3,930,4,0,0,4,1,0,4,2,0,1,4,0
1,1,1,55,42,1,9283,1,1,1,1,1,0,0,3,1,2,2,1
-1,2,0,26,15,0,1778,2,1,1,2,1,0,1,0,0,0,1,0
1,1,0,26,8,9,907,3,1,1,1,1,0,1,2,0,1,2,1
1,1,0,28,6,3,484,3,1,1,1,1,2,3,1,0,1,3,0
-1,1,1,24,36,1,9629,4,1,1,2,1,0,3,2,0,1,4,1
-1,1,1,54,48,4,3051,3,1,1,1,1,0,2,2,0,1,4,0
-1,1,1,46,48,0,3931,4,1,1,1,2,0,3,2,0,2,4,0
1,2,0,54,36,0,7432,2,1,1,1,1,0,2,2,0,0,2,0
1,1,0,62,6,4,1338,1,0,1,1,1,0,2,2,0,1,4,0
1,2,0,24,6,3,1554,1,0,1,2,1,0,3,2,0,0,2,1
1,1,0,43,36,10,15857,2,1,1,1,1,1,0,3,1,1,3,0
-1,1,0,26,18,3,1345,4,1,1,1,1,0,2,2,0,1,3,0
1,1,0,27,12,0,1101,3,0,1,2,1,0,2,2,0,1,2,1
1,1,0,24,12,3,3016,3,1,1,1,1,0,2,2,0,1,1,0
-1,1,1,41,36,2,2712,2,1,1,1,2,0,4,2,0,1,2,0
1,1,1,47,8,0,731,4,1,1,2,1,0,4,1,0,1,4,0
1,1,0,35,18,2,3780,3,0,1,2,1,0,1,3,0,1,2,1
1,1,0,30,21,0,1602,4,1,1,2,1,0,4,2,0,1,3,1
-1,2,0,33,18,0,3966,1,1,1,3,1,0,4,2,0,0,4,1
-1,1,1,36,18,9,4165,2,0,1,2,2,0,2,2,0,1,2,0
-1,1,1,47,36,1,8335,3,1,0,1,1,0,4,2,0,2,4,0
1,1,1,38,48,9,6681,4,1,0,1,2,0,2,2,0,2,4,1
1,1,1,44,24,9,2375,4,0,1,2,2,0,2,2,0,1,2,1
-1,2,0,23,18,0,1216,4,1,1,1,1,0,1,2,0,0,3,1
-1,1,1,29,45,9,11816,2,1,1,2,1,0,4,2,0,0,4,0
1,2,0,42,24,3,5084,2,1,0,1,1,0,4,2,0,1,4,1
-1,2,0,25,15,3,2327,2,1,1,1,1,0,1,1,0,1,3,0
-1,1,1,48,12,0,1082,4,1,1,2,1,0,2,2,0,1,4,0
1,2,0,21,12,3,886,4,0,0,1,1,0,2,2,0,1,2,0
1,2,0,23,4,2,601,1,0,1,1,2,0,1,1,0,0,3,0
1,1,1,63,24,1,2957,4,1,1,2,1,0,4,2,0,1,4,1
1,1,0,46,24,3,2611,4,0,1,2,1,1,4,2,0,1,3,0
-1,1,1,29,36,2,5179,4,1,1,1,1,0,3,2,0,1,2,0
1,1,1,28,21,1,2993,3,0,1,2,1,0,2,1,0,1,2,0
-1,2,0,23,18,5,1943,4,0,1,1,1,0,1,2,0,1,4,0
1,1,1,50,24,9,1559,4,0,1,1,1,0,3,2,0,1,4,1
1,1,1,47,18,2,3422,4,0,1,3,2,0,4,2,0,1,4,1
1,1,1,35,21,2,3976,2,1,0,1,1,0,3,2,0,1,3,1
-1,1,1,68,18,0,6761,2,0,0,2,1,0,2,2,0,0,4,0
1,1,0,28,24,0,1249,4,0,1,1,1,0,1,2,0,1,2,0
1,1,1,59,9,3,1364,3,1,1,1,1,0,3,2,0,1,4,0
-1,1,1,57,12,3,709,4,1,1,1,1,0,4,1,0,1,4,0
-1,1,0,33,20,0,2235,4,1,1,2,1,2,2,2,0,0,2,0
1,1,1,43,24,1,4042,3,0,0,2,1,0,3,2,0,1,4,1
1,1,1,35,15,3,1471,4,0,1,2,1,0,2,2,0,2,4,1
-1,1,1,32,18,0,1442,4,1,1,2,2,0,3,1,0,2,4,0
1,1,1,45,36,0,10875,2,0,1,2,2,0,4,2,0,1,2,1
1,1,0,33,24,0,1474,4,0,1,1,1,0,1,2,0,1,3,1
1,2,0,40,10,8,894,4,0,0,1,1,0,3,2,0,1,3,1
1,1,1,28,15,2,3343,4,0,1,1,1,0,2,2,0,2,2,1
-1,2,0,29,15,0,3959,3,1,1,1,1,0,2,2,0,1,2,1
1,1,1,26,9,0,3577,1,0,1,1,2,2,2,2,0,0,2,0
1,1,1,27,24,1,5804,4,0,1,2,1,0,2,2,0,1,2,0
-1,1,0,28,18,9,2169,4,0,1,1,1,0,2,2,0,1,2,1
-1,2,0,35,24,3,2439,4,1,1,1,1,0,1,2,0,1,4,1
1,1,1,32,27,2,4526,4,0,1,2,2,0,1,1,0,1,2,1
-1,1,1,25,10,2,2210,2,0,1,1,1,0,2,1,0,0,2,0
1,2,0,20,15,2,2221,2,0,1,1,1,0,2,2,0,0,4,0
1,2,0,27,18,3,2389,4,1,1,1,1,0,1,2,0,1,1,0
1,1,1,42,12,2,3331,2,0,1,1,1,0,4,2,0,1,4,0
1,1,1,37,36,9,7409,3,0,0,2,1,0,4,2,0,1,2,0
1,2,0,24,12,2,652,4,1,1,1,1,0,4,2,0,0,4,0
1,2,0,40,36,2,7678,2,0,1,2,1,0,3,2,0,1,4,1
1,1,1,46,6,0,1343,1,1,1,2,2,0,4,2,0,1,4,0
1,1,1,26,24,9,1382,4,1,1,2,1,0,3,2,0,1,1,1
1,2,0,24,15,4,874,4,0,0,1,1,0,1,2,0,1,1,0
1,1,1,29,12,2,3590,2,1,1,1,2,1,2,1,0,1,2,0
1,2,0,40,11,0,1322,4,1,1,2,1,0,2,2,0,1,4,0
1,1,1,36,18,3,1940,3,1,1,1,1,1,1,3,0,2,4,1
1,1,1,28,36,3,3595,4,0,1,1,1,0,4,2,0,1,2,0
-1,1,1,27,9,0,1422,3,1,1,1,1,0,1,3,0,2,2,1
1,1,1,36,30,3,6742,2,0,0,2,1,0,3,2,0,1,3,0
1,1,1,38,24,1,7814,3,0,1,1,1,0,3,3,0,1,3,1
1,1,0,48,24,1,9277,2,0,0,1,1,0,2,2,0,2,4,1
1,1,1,36,30,0,2181,4,1,0,2,1,0,4,2,0,1,4,0
1,2,0,65,18,3,1098,4,0,1,2,1,0,0,0,1,1,4,0
-1,1,0,43,24,2,4057,3,1,1,1,1,0,3,2,0,1,3,1
-1,2,0,53,12,6,795,4,1,1,1,1,0,1,2,0,1,4,0
1,1,1,34,24,9,2825,4,1,0,2,2,0,3,2,0,1,3,1
-1,1,1,23,48,9,15672,2,1,1,1,1,0,2,2,0,1,2,1
1,1,1,34,36,0,6614,4,0,1,2,1,0,4,3,0,1,4,1
1,1,1,40,28,1,7824,3,0,0,2,2,2,1,2,0,0,4,1
1,1,1,43,27,9,2442,4,1,1,4,2,0,4,3,0,1,4,1
1,1,1,46,15,3,1829,4,0,1,2,1,0,4,2,0,1,4,1
1,1,1,38,12,0,2171,4,1,1,2,1,0,2,1,0,1,4,0
1,1,1,34,36,1,5800,3,1,1,2,1,0,2,2,0,1,4,1
1,1,1,29,18,3,1169,4,0,0,2,1,0,2,2,0,1,3,1
1,1,1,31,36,1,8947,3,0,0,1,2,0,3,3,0,1,2,1
1,2,0,28,21,3,2606,4,1,1,1,1,0,1,3,0,0,4,1
1,2,0,35,12,2,1592,3,0,1,1,1,0,3,2,0,1,2,0
1,2,0,33,15,2,2186,1,0,0,1,1,0,3,1,0,0,4,0
-1,1,1,42,18,2,4153,2,1,1,1,1,1,2,2,0,1,3,0
-1,1,1,43,16,0,2625,2,1,1,1,1,2,4,2,0,0,4,1
1,1,0,44,20,0,3485,2,0,0,2,1,0,1,2,0,1,4,1
1,1,1,42,36,1,10477,2,0,0,2,1,0,4,2,0,2,4,0
1,1,0,40,15,3,1386,4,0,0,1,1,0,2,2,0,0,2,1
1,1,1,36,24,3,1278,4,0,1,1,1,0,4,3,0,1,1,1
1,1,1,20,12,3,1107,2,1,1,1,2,0,2,3,0,0,2,1
1,1,1,24,21,0,3763,2,1,0,1,1,1,3,1,0,1,2,0
1,1,0,27,36,6,3711,2,1,0,1,1,0,2,2,0,1,2,0
1,2,0,46,15,1,3594,1,0,1,2,1,0,1,1,0,1,2,0
1,2,0,33,9,0,3195,1,1,0,1,1,0,2,1,0,1,2,0
1,2,0,34,36,3,4454,4,0,1,2,1,0,2,2,0,1,4,0
-1,2,0,25,24,2,4736,2,1,1,1,1,0,1,1,0,1,4,0
1,2,0,25,30,3,2991,2,1,0,1,1,0,4,2,0,1,4,0
1,1,0,28,11,9,2142,1,0,1,1,1,0,4,2,0,1,2,1
-1,1,1,31,24,9,3161,4,1,1,1,1,0,2,2,0,0,2,1
-1,2,0,32,48,10,18424,1,1,1,1,1,0,2,3,0,1,2,1
1,1,1,32,10,1,2848,1,0,1,1,2,1,2,2,0,1,2,0
-1,1,1,68,6,0,14896,1,1,1,1,1,0,4,3,0,1,4,1
-1,1,0,33,24,2,2359,1,1,1,1,1,0,0,2,1,1,1,0
-1,1,1,39,24,2,3345,4,1,1,1,1,0,4,3,0,0,2,1
1,2,0,28,18,2,1817,4,0,1,2,1,0,2,2,0,1,2,0
1,1,1,37,48,3,12749,4,0,1,1,1,0,3,3,0,1,1,1
-1,2,0,22,9,3,1366,3,1,1,1,1,0,1,2,0,0,4,0
1,1,1,30,12,0,2002,3,1,1,1,2,0,3,2,0,0,4,1
-1,1,0,55,24,2,6872,2,1,1,1,1,0,1,2,0,1,1,1
-1,1,1,46,12,0,697,4,1,1,2,1,0,1,2,0,1,2,1
1,2,0,21,18,2,1049,4,1,1,1,1,0,1,2,0,0,4,0
-1,1,1,39,48,1,10297,4,1,1,3,2,0,3,2,0,2,4,1
1,1,1,58,30,3,1867,4,0,0,1,1,0,4,2,0,1,4,1
1,1,1,43,12,0,1344,4,1,1,2,2,0,2,1,0,1,2,0
1,1,1,24,24,2,1747,4,1,1,1,1,1,1,1,0,1,1,0
-1,2,0,22,9,3,1670,4,1,1,1,1,0,1,2,0,1,2,1
1,1,1,30,9,0,1224,3,0,1,2,1,0,2,2,0,1,1,0
1,1,1,42,12,3,522,4,0,1,2,2,0,4,2,0,1,4,1
1,2,0,23,12,3,1498,4,1,1,1,1,0,2,2,0,1,1,0
-1,1,1,30,30,3,1919,4,1,1,2,1,0,1,3,0,1,3,0
-1,2,0,28,9,3,745,3,1,1,1,1,0,2,1,0,1,2,0
1,1,0,30,6,3,2063,4,1,1,1,1,0,1,3,0,0,3,1
-1,1,1,42,60,6,6288,4,1,1,1,1,0,2,2,0,2,4,0
1,1,1,46,24,1,6842,2,0,0,2,2,0,2,3,0,1,4,1
1,1,1,45,12,0,3527,2,0,0,1,2,0,1,3,0,1,3,1
1,1,1,31,10,0,1546,3,0,1,1,2,0,2,1,0,1,2,0
1,1,1,31,24,2,929,4,0,0,1,1,0,3,2,0,1,2,1
1,1,1,42,4,0,1455,2,0,1,3,2,0,3,1,0,1,1,0
1,2,0,46,15,2,1845,4,1,1,1,1,2,1,2,0,0,1,0
1,2,0,30,48,0,8358,1,1,1,2,1,0,1,2,0,1,1,0
-1,1,1,30,24,2,3349,4,1,1,1,2,0,1,2,0,2,4,1
1,1,1,38,12,0,2859,4,0,0,1,1,0,0,3,1,1,4,1
-1,1,0,43,18,2,1533,4,0,1,1,2,1,1,1,0,1,1,0
-1,1,1,31,24,3,3621,2,0,1,2,1,0,4,2,0,1,4,0
1,1,0,40,18,9,3590,3,1,1,3,2,0,0,0,1,1,3,1
-1,1,1,24,36,9,2145,2,1,1,2,1,0,3,2,0,1,1,1
-1,2,0,28,24,1,4113,3,1,1,1,1,0,1,2,0,0,4,0
-1,2,0,26,36,2,10974,4,0,1,2,1,0,0,3,1,1,2,1
1,2,0,29,12,0,1893,4,1,1,1,1,2,2,2,0,1,4,1
1,2,0,57,24,3,1231,4,1,1,2,1,0,4,3,0,0,4,1
1,1,1,49,30,3,3656,4,1,0,2,1,0,4,1,0,1,4,0
1,1,1,37,9,3,1154,2,1,1,3,1,0,4,1,0,1,4,0
-1,1,1,45,28,0,4006,3,1,1,1,1,0,2,1,0,1,2,0
1,1,1,30,24,2,3069,4,1,1,1,1,0,4,2,0,2,4,0
1,1,0,30,6,3,1740,2,0,1,2,1,0,4,2,0,0,2,0
1,1,0,47,21,0,2353,1,1,1,2,1,0,2,2,0,1,4,0
1,1,1,29,15,0,3556,3,0,0,1,1,0,2,2,0,1,2,0
-1,1,1,35,24,3,2397,3,0,1,2,1,0,4,2,0,1,2,1
1,1,0,22,6,5,454,3,1,1,1,1,0,1,1,0,1,1,0
1,2,0,26,30,3,1715,4,1,0,1,1,0,2,2,0,1,1,0
-1,1,1,23,27,3,2520,4,1,1,2,1,0,2,1,0,1,2,0
1,2,0,54,15,3,3568,4,0,1,1,1,0,4,3,0,0,2,1
1,1,0,29,42,3,7166,2,0,0,1,1,0,3,2,0,0,4,1
1,1,1,40,11,0,3939,1,1,1,2,2,0,2,1,0,1,2,0
1,1,1,22,15,5,1514,4,1,1,1,1,2,2,2,0,1,2,0
1,1,1,43,24,0,7393,1,0,1,1,2,0,2,1,0,1,4,0
-1,2,0,29,24,0,1193,1,1,1,2,1,1,0,0,1,0,4,0
-1,1,1,36,60,9,7297,4,1,1,1,1,1,4,2,0,0,4,0
1,2,0,33,30,3,2831,4,0,1,1,1,0,2,2,0,1,2,1
1,2,0,57,24,3,1258,3,1,1,1,1,0,2,1,0,1,3,0
1,2,0,64,6,3,753,2,1,1,1,1,2,2,2,0,1,3,0
1,1,1,42,18,9,2427,4,1,0,2,1,0,4,2,0,1,2,0
-1,1,1,47,24,0,2538,4,0,1,2,2,0,4,1,0,1,4,0
-1,1,0,25,15,0,1264,2,1,1,1,1,0,2,2,0,0,2,0
-1,1,1,49,30,2,8386,2,1,1,1,1,0,3,2,0,1,2,0
-1,1,1,33,48,9,4844,3,0,1,1,1,0,0,3,1,0,2,1
1,2,0,28,21,0,2923,1,1,1,1,1,0,2,3,0,1,1,1
-1,1,1,26,36,1,8229,2,1,1,1,2,0,2,2,0,1,2,0
1,1,1,30,24,2,2028,2,0,1,2,1,0,3,1,0,1,2,0
1,2,0,25,15,2,1433,4,1,1,2,1,0,2,2,0,0,3,0
1,1,0,33,42,9,6289,2,1,1,2,1,0,1,2,0,1,1,0
1,2,0,64,13,3,1409,2,0,1,1,1,0,0,2,1,1,4,0
1,1,1,29,24,1,6579,4,1,1,1,1,0,0,3,1,2,2,1
1,1,1,48,24,3,1743,4,1,1,2,1,0,4,1,0,1,2,0
1,1,1,37,12,6,3565,2,0,0,2,2,0,1,1,0,1,1,0
1,1,1,34,15,3,1569,4,0,1,1,2,0,4,1,0,1,4,0
1,1,0,23,18,3,1936,2,1,0,2,1,0,3,1,0,0,4,0
1,1,1,30,36,2,3959,4,1,1,1,1,0,0,3,1,1,3,1
1,1,1,50,12,0,2390,4,0,0,1,1,0,4,2,0,1,3,1
1,2,0,31,12,2,1736,3,0,1,1,1,0,3,1,0,1,4,0
1,1,0,40,30,1,3857,4,1,1,1,1,0,2,3,0,1,4,1
1,1,1,38,12,3,804,4,0,1,1,1,0,4,2,0,1,4,0
-1,1,1,23,45,3,1845,4,1,1,1,1,0,2,2,0,2,4,1
1,1,1,27,45,1,4576,3,1,1,1,1,0,0,2,1,1,4,0
